{
    "systemProperties": {
    "placementToolName": "SVCZSPLACER",
    "canLink": false,
    "defaultHeight": 1,
    "colors": [
            16777215,
            16761344
        ],
        "signalHeights": 
        {
            "config(ZSTYPE.ZS3UP)": 0,
            "config(ZSTYPE.ZS3VUP)": 0
        }
    },
    "seProperties": [
        {
        "name": "zstype",
        "enumClass": "SVCZS36Background",
        "defaultState": "ZS3V",
        "autoname": true,
        "changeableStage": "GUISTAGE"
        },
        {
        "name": "arrow",
        "enumClass": "SVCZS3Arrow",
        "defaultState": "OFF",
        "autoname": true,
        "changeableStage": "GUISTAGE"
        },
        {
        "name": "indicator",
        "enumClass": "SVCZS3NUM",
        "defaultState": "Z1",
        "autoname": true,
        "changeableStage": "GUISTAGE"
        }
    ]
}
