{
    "systemProperties": {
    "placementToolName": "SVCZSPLACER",
    "canLink": false,
    "defaultHeight": 0,
    "colors": [
            16777215,
            16761344
        ]
    },
    "seProperties": [
        {
        "name": "zstype",
        "enumClass": "SVCZS36Background",
        "defaultState": "ZS3VUP",
        "autoname": true,
        "changeableStage": "GUISTAGE"
        },
        {
        "name": "arrow",
        "enumClass": "SVCZS3Arrow",
        "defaultState": "OFF",
        "autoname": true,
        "changeableStage": "GUISTAGE"
        },
        {
        "name": "indicator",
        "enumClass": "SVCZS3NUM",
        "defaultState": "Z1",
        "autoname": true,
        "changeableStage": "GUISTAGE"
        }
    ]
}
