{
    "textures":{},
    "models":{
        "svc/plus_zs3/zs3":{
            "textures": [
                {
                    "blockstate": "with(ZSTYPE.ZS3)",
                    "extentions":{
                        "svczs3.json": {
                        "INDICATOR": "overlay"
                        }
                    }
                }
            ],
            "y": 0
        },
        "svc/plus_zs3/zs3v":{
            "textures":[
                {
                    "blockstate": "with(ZSTYPE.ZS3V)",
                    "extentions":{
                        "svczs3.json": {  
                            "INDICATOR": "overlay"
                        }
                    }
                }
            ],
            "y": 0
        },
        "svc/plus_zs3/zs6":{
            "textures":[
                {
                    "blockstate": "with(ZSTYPE.ZS6)"
                }
            ],
            "y": 0
        },
        "svc/plus_zs3/zs13":{
            "textures":[
                    {
                        "blockstate": "with(ZSTYPE.ZS13)"
                    }
                ],
                "y": 0
        },
        "svc/plus_zs3/zs3_up":{
            "textures":[
                {
                    "blockstate": "with(ZSTYPE.ZS3UP)",
                    "extentions":{
                        "svczs3.json": {  
                            "INDICATOR": "overlay"
                        }
                    }
                }
            ],
            "y": 0
        },
        "svc/plus_zs3/zs3v_up":{
            "textures":[
                {
                    "blockstate": "with(ZSTYPE.ZS3VUP)",
                    "extentions":{
                        "svczs3.json": {  
                            "INDICATOR": "overlay"
                        }
                    }
                }
            ],
            "y": 0
        },
        "arrow": {
            "textures": [
                {
                    "blockstate": "with(ZSTYPE.ZS3)",
                    "extentions": {
                        "arrow.json": {
                            "ARROW": "1"
                        }
                    },
                    "y": 0.8125
                },
                {
                    "blockstate": "with(ZSTYPE.ZS3V)",
                    "extentions": {
                        "arrow.json": {
                            "ARROW": "1"
                        }
                    },
                    "y": 0.8125
                },
                {
                    "blockstate": "with(ZSTYPE.ZS6)",
                    "extentions": {
                        "arrow.json": {
                            "ARROW": "1"
                        }
                    },
                    "y": 1
                },
                {
                    "blockstate": "with(ZSTYPE.ZS13)",
                    "extentions": {
                        "arrow.json": {
                            "ARROW": "1"
                        }
                    },
                    "y": 1
                }
            ]
        }
    }
}