{
    "textures":{},
    "models":{
        "svc/plus_zs3/zs3":{
            "textures": [
                {
                    "blockstate": "with(ZSTYPE.ZS3)",
                    "extentions":{
                        "svczs3.json": {
                        "INDICATOR": "overlay"
                        }
                    }
                }
            ],
            "y": 0
        },
        "svc/plus_zs3/zs3v":{
            "textures":[
                {
                    "blockstate": "with(ZSTYPE.ZS3V)",
                    "extentions":{
                        "svczs3.json": {  
                            "INDICATOR": "overlay"
                        }
                    }
                }
            ],
            "y": 0
        },
        "svc/plus_zs3/zs6":{
            "textures":[
                {
                    "blockstate": "with(ZSTYPE.ZS6)"
                }
            ],
            "y": 0
        },
        "svc/plus_zs3/zs13":{
            "textures":[
                    {
                        "blockstate": "with(ZSTYPE.ZS13)"
                    }
                ],
                "y": 0
        },
        "svc/plus_zs3/zs3_up":{
            "textures":[
                {
                    "blockstate": "with(ZSTYPE.ZS3UP)",
                    "extentions":{
                        "svczs3.json": {  
                            "INDICATOR": "overlay"
                        }
                    }
                }
            ],
            "y": 0
        },
        "svc/plus_zs3/zs3v_up":{
            "textures":[
                {
                    "blockstate": "with(ZSTYPE.ZS3VUP)",
                    "extentions":{
                        "svczs3.json": {  
                            "INDICATOR": "overlay"
                        }
                    }
                }
            ],
            "y": 0
        },
        "svc/plus_zs3/small_ne3":{
            "textures": [
                {
                    "blockstate": "with(SVCNE3.NE3_1)",
                    "retexture": {
                        "ne3": "opensignals:blocks/svc/ne3/ne3_1"
                    }
                },
                {
                    "blockstate": "with(SVCNE3.NE3_2)",
                    "retexture": {
                        "ne3": "opensignals:blocks/svc/ne3/ne3_2"
                    }
                },
                {
                    "blockstate": "with(SVCNE3.NE3_3)",
                    "retexture": {
                        "ne3": "opensignals:blocks/svc/ne3/ne3_3"
                    }
                },
                {
                    "blockstate": "with(SVCNE3.NE3_4)",
                    "retexture": {
                        "ne3": "opensignals:blocks/svc/ne3/ne3_4"
                    }
                },
                {
                    "blockstate": "with(SVCNE3.NE3_5)",
                    "retexture": {
                        "ne3": "opensignals:blocks/svc/ne3/ne3_5"
                    }
                }
            ],
            "y": 0
        },
        "arrow": {
            "textures": [
                {
                    "blockstate": "with(ZSTYPE.ZS3)",
                    "extentions": {
                        "arrow.json": {
                            "ARROW": "1"
                        }
                    },
                    "y": 0.8125
                },
                {
                    "blockstate": "with(ZSTYPE.ZS3V)",
                    "extentions": {
                        "arrow.json": {
                            "ARROW": "1"
                        }
                    },
                    "y": 0.8125
                },
                {
                    "blockstate": "with(ZSTYPE.ZS6)",
                    "extentions": {
                        "arrow.json": {
                            "ARROW": "1"
                        }
                    },
                    "y": 1
                },
                {
                    "blockstate": "with(ZSTYPE.ZS13)",
                    "extentions": {
                        "arrow.json": {
                            "ARROW": "1"
                        }
                    },
                    "y": 1
                },
                {
                    "blockstate":"with(ZSTYPE.SVCNE3)",
                    "extentions":{
                        "arrow.json":{
                            "ARROW":"1"
                        }
                    },
                    "y": 0.875
                }
            ]
        }
    }
}