{
    "textures":{},
    "models":{
        "svc/plus_zs3/mast": {
            "textures": [
                {}
            ],
            "y": 0
        },
        "svc/plus_zs3/zs3":{
            "textures": [
                {
                    "blockstate": "with(ZSTYPE.ZS3)",
                    "extentions":{
                        "svczs3.json": {
                        "INDICATOR": "overlay"
                        }
                    }
                }
            ],
            "y": 1
        },
        "svc/plus_zs3/zs3v":{
            "textures":[
                {
                    "blockstate": "with(ZSTYPE.ZS3V)",
                    "extentions":{
                        "svczs3.json": {  
                            "INDICATOR": "overlay"
                        }
                    }
                }
            ],
            "y":1
        },
        "svc/plus_zs3/zs6":{
            "textures":[
                {
                    "blockstate": "with(ZSTYPE.ZS6)"
                }
            ],
            "y": 1
        },
            "svc/plus_zs3/zs13":{
                "textures":[
                    {
                        "blockstate": "with(ZSTYPE.ZS13)"
                    }
                ],
                "y": 1
        },
        "svc/plus_zs3/arrow": {
            "textures": [
                {
                    "blockstate": "with(ZSTYPE.ZS3)",
                    "extentions": {
                        "svcarrow.json": {
                            "ARROW": "1"
                        }
                    },
                    "y": 1.69
                },
                {
                    "blockstate": "with(ZSTYPE.ZS3V)",
                    "extentions": {
                        "svcarrow.json": {
                            "ARROW": "1"
                        }
                    },
                    "y": 1.69
                },
                {
                    "blockstate": "with(ZSTYPE.ZS6)",
                    "extentions": {
                        "svcarrow.json": {
                            "ARROW": "1"
                        }
                    },
                    "y": 1.85
                },
                {
                    "blockstate": "with(ZSTYPE.ZS13)",
                    "extentions": {
                        "svcarrow.json": {
                            "ARROW": "1"
                        }
                    },
                    "y": 1.85
                }
            ]
        }
    }
}