{
    "extention": {
        "Z1": "opensignals:blocks/svc/numzs3/z1",
        "Z2": "opensignals:blocks/svc/numzs3/z2",
        "Z3": "opensignals:blocks/svc/numzs3/z3",
        "Z4": "opensignals:blocks/svc/numzs3/z4",
        "Z5": "opensignals:blocks/svc/numzs3/z5",
        "Z6": "opensignals:blocks/svc/numzs3/z6",
        "Z7": "opensignals:blocks/svc/numzs3/z7",
        "Z8": "opensignals:blocks/svc/numzs3/z8",
        "Z9": "opensignals:blocks/svc/numzs3/z9",
        "Z10": "opensignals:blocks/svc/numzs3/z10",
        "Z11": "opensignals:blocks/svc/numzs3/z11",
        "Z12": "opensignals:blocks/svc/numzs3/z12",
        "Z13": "opensignals:blocks/svc/numzs3/z13",
        "Z14": "opensignals:blocks/svc/numzs3/z14",
        "Z15": "opensignals:blocks/svc/numzs3/z15",
        "Z16": "opensignals:blocks/svc/numzs3/z16",
        "Z17": "opensignals:blocks/svc/numzs3/z17",
        "Z18": "opensignals:blocks/svc/numzs3/z18",
        "Z19": "opensignals:blocks/svc/numzs3/z19",
        "Z20": "opensignals:blocks/svc/numzs3/z20",
        "Z21": "opensignals:blocks/svc/numzs3/z21",
        "Z22": "opensignals:blocks/svc/numzs3/z22",
        "Z23": "opensignals:blocks/svc/numzs3/z23",
        "Z24": "opensignals:blocks/svc/numzs3/z24",
        "Z25": "opensignals:blocks/svc/numzs3/z25",
        "Z30": "opensignals:blocks/svc/numzs3/z30"
    }
}