{
	"credit": "Made with Blockbench by SkywalkerValle",
	"textures": {
		"0": "opensignals:blocks/default/shield_gray",
		"2": "opensignals:blocks/svc/plus_zs3/zs6",
		"3": "opensignals:blocks/default/black",
		"particle": "opensignals:blocks/default/shield_gray"
	},
	"elements": [
		{
			"from": [7, 0, 7],
			"to": [9, 7, 9],
			"faces": {
				"north": {"uv": [0, 0, 2, 5], "texture": "#0"},
				"east": {"uv": [0, 0, 2, 5], "texture": "#0"},
				"south": {"uv": [0, 0, 2, 5], "texture": "#0"},
				"west": {"uv": [0, 0, 2, 5], "texture": "#0"},
				"up": {"uv": [0, 0, 2, 2], "texture": "#0"},
				"down": {"uv": [0, 0, 2, 2], "texture": "#0"}
			}
		},
		{
			"name": "sign",
			"from": [3, 2, 6],
			"to": [13, 16, 7],
			"rotation": {"angle": 0, "axis": "y", "origin": [0, 2, 0]},
			"faces": {
				"north": {"uv": [4, 4, 12, 15.5], "texture": "#2"},
				"east": {"uv": [0, 0, 9, 1.5], "texture": "#3"},
				"south": {"uv": [0, 0, 9, 1.5], "texture": "#3"},
				"west": {"uv": [0, 0, 9, 1.5], "texture": "#3"},
				"up": {"uv": [0, 0, 9, 1.5], "texture": "#3"},
				"down": {"uv": [0, 0, 9, 1.5], "texture": "#3"}
			}
		}
	],
	"groups": [
		0,
		{
			"name": "sign",
			"origin": [8, 8, 8],
			"color": 0,
			"children": [1]
		}
	]
}